boundaryPointKey,geometryKey,sequenceNumber,latitude,longitude,isEndRaw
AS0001:G001:P1,AS0001:G001,1,33.258567,93.161242,false
AS0001:G001:P2,AS0001:G001,2,24.753948,87.445213,false
AS0001:G001:P3,AS0001:G001,3,23.734471,100.029332,true
AS0002:G001:P1,AS0002:G001,1,39.096140,109.351516,false
AS0002:G001:P2,AS0002:G001,2,35.369949,91.243880,false
AS0002:G001:P3,AS0002:G001,3,28.478160,90.037406,true
AS0003:G001:P1,AS0003:G001,1,31.754737,86.648700,false
AS0003:G001:P2,AS0003:G001,2,36.435477,90.476915,false
AS0003:G001:P3,AS0003:G001,3,34.948576,101.582303,true
